FirstName,LastName
이바노프,블라디미르
페트로프,니콜라이
스미르노프,안드레이
쿠즈네초프,세르게이
포포프,알렉산더
바실리예프,드미트리
솔로비요프,미하일
노비코프,이반
볼코프,표도르
레베데프,유리
코즐로프,파벨
모로조프,비탈리
포포비치,스테판
코스틱,밀란
페트로비치,두샨
이바노바,나탈리아
스미르노바,엘레나
쿠즈네초바,타티아나
코발렌코,이리나
드라고미르,카타리나
라도반,소피아
호르밧,안나
노바크,마리아
코발축,아나스타시아
야블론스키,카롤
노바코프스키,토마시
코발스키,야누시
바라노프스키,스타니슬라프
비시니예프스키,아담
체르니,요제프
드보르작,마르틴
코발취크,보흐단
쉐브첸코,올렉산드르
트카춰크,미콜라
보리센코,안드리
야코블레프,에브게니
소콜로프,아르카디
골로빈,발레리
로마노프,게오르기
사하로프,빅토르
보리소프,표트르
볼로딘,블라디슬라프
코롤료프,아나톨리
크라프첸코,세르히
보로딘,올렉
체르냐코프,다닐
도브잔스키,카지미르
고르스키,마테우시
그라보프스키,파벨
비엘린스키,라파우
코즈워프스키,미하우
자이온츠코프스키,마르친
코발스카,안나
비시니예프스카,에바
노바코프스카,아그네슈카
드로즈도프스카,테레사
가브론스카,바르바라
소비에스카,알리나
보구슬라프스카,마그달레나
브로니슬라프스카,크리스티나
코찰코프스카,도로타
리피츠카,요안나
볼로디나,스베틀라나
체르냐코바,마리나
페투호바,알리사
보리소바,카차리나
사하로바,발렌티나
로마노바,다리아
골로비나,폴리나
소콜로바,바르바라
미할로프스키,토마시
그라베프스키,마레크
코발츄크,보그단
페도로프,세르게이
말리노프스키,안드레이
두브로빈,미하일
카르포프,알렉세이
체르니쇼프,그리고리
라도슬라프,카롤
야블론스키,헨릭
코스틴스키,야로슬라프
보로닌,콘스탄틴
자하로프,막심
소로킨,니키타
레베데바,올가
코즐로바,리디아
볼코바,베로니카
이바센코,갈리나
코발추크,소피아
노비코바,카테리나
말리노프스카,울라나
두브로비나,류드밀라
체르니쇼바,알리사
야블론스카,줄리아
카르포바,안젤리카
페트루셰프스카,마르타
라도슬라프스카,조피아
코스틴스카,올레시아
보로니나,옥사나
자하로바,엘비라
츠베타예프,니콜라이
고르바초프,보리스
메드베데프,이고르
루카셴코,바짐
스탈린스키,카지미에시
브레즈네프,로만
흐루쇼프,드미트로
안드로포프,레프
체르넨코,루슬란
가가린,유리
투폴레프,안톤
코롤레프,키릴
지노비예프,베니아민
부하린,글레프
리코프,예프게니
카메네프,아르툼
스베르들로프,마크
칼리닌,티무르
보로실로프,데니스
몰로토프,예고르
미코얀,아르센
불가닌,라디슬라프
말렌코프,로스티슬라프
카간노비치,루드비크
포드고르니,카롤
셀레핀,야누시
안드레예프,아르카디
키로프,바실리
리트비노프,표트르
보로딘스키,마치에이
자이첸코,보흐단
코발레프스키,라데크
그로모프,블라디슬라프
예고로프,아르테미
체르토프,스타니슬라프
보그다노프,로베르트
체레파노프,블라디렌
쿠드랴프체프,슬라빅
오를로프스키,비톨드
트로피모프,베체슬라프
츠베타예바,라리사
고르바초바,조야
메드베데바,류보프
루카셴코바,라이사
스탈린스카,다누타
브레즈네바,베라
흐루쇼바,타마라
안드로포바,클라우디아
체르넨코바,니나
가가리나,제냐
투폴레바,발렌티나
코롤레바,인나
지노비예바,류드밀라
부하리나,마르가리타
리코바,타티야나
카메네바,나데즈다
스베르들로바,이자벨라
칼리니나,아넬리야
보로실로바,프라스코비야
몰로토바,스베틀라나
미코야나,빅토리아
불가니나,율리아
말렌코바,카롤리나
카간노비차,아그니에슈카
포드고르나,바르바라
셀레피나,야니나
안드레예바,보제나
키로바,그라지나
리트비노바,이레나
보로딘스카,요란타
자이첸코바,옥사나
코발레프스카,할리나
그로모바,제피르
예고로바,밀레나
체르토바,올레시야
보그다노바,야로슬라바
체레파노바,율리아나
쿠드랴프체바,보구슬라바
오를로프스카,스타니슬라바
트로피모바,라도슬라바
크라프추크,보그단
스타브로긴,표도르
베르호빈스키,안톤
샤토프,니콜라스
키릴로프,알렉산드르
레비아틴,미하이로
네차예프,드미트리
크라신스키,마리안
라줌힌,이반
도스토옙스키,파벨
톨스토이,레오니드
투르게네프,세르히
고골,안드리
체호프,아르투르
푸시킨,막심
예세닌,빅토르
렘온토프,알렉시
파스테르나크,보리스
크라프추크바,나탈카
스타브로기나,소피야
베르호빈스카,마리야
샤토바,율리아
키릴로바,카테리나
레비아티나,알료나
네차예바,보르카
크라신스카,요안나
라줌히나,올렉산드라
도스토옙스카,안나
톨스토야,마르타
투르게네바,크세니아
고골레바,니노
체호바,베아타
푸시키나,아델라
예세니나,루치아
렘온토바,제니아
파스테르나크바,디아나
미로슬라프,카르피네츠
조르지,라드첸코
블라디미르스키,타라스
흐멜니츠키,보리소비치
미하일로프,아르템
클리멘코,스타스
데니센코,유리
가브릴로프,다닐로
마카렌코,올레크산드르
스테파넨코,마크시밈
바실리스키,이고르
코노팔코,안드리
드미트리예프스키,아르카디
테레센코,파블로
보리스킨,니키타
안드루셴코,세르히
페트로프스키,올렉
마르첸코,보흐단
이바니슈킨,데니스
그리고렌코,루슬란
자하르첸코,미콜라
코발린스키,블라디슬라프
스비리도프,마트베이
로마넨코,키릴
파블리첸코,예브헨
알렉산드로프스키,안톤
보그단첸코,바딤
쿠즈민스키,글레브
스테파노프,로만
티모셴코,아르투르
미로노프,레온
소로친스키,루카
포노마렌코,보리스
데미도프,아나톨리
안드레이첸코,세르게이
야코블린스키,블라디미르
콘스탄티노프,알렉세이
고르디엔코,드미트로
쿠릴로프,표도르
바르샤프스키,라디슬라프
리시츠키,마크심
파블렌코,로스티슬라프
올레크산드로프,티무르
데니소프,아르투르
그리신,니콜라이
페도토프,바실리
마르티노프,예브게니
아브라멘코,콘스탄틴
루덴코,베니아민
세르게예프스키,블라디슬라프
마르코프,알렉산드르
이고레프,미하일
라브렌티예프,드미트리
미하일렌코,세르히
보리슬라프스키,안드레이
나자렌코,올렉산드르
데미도프스키,유리
올레크시,마크심
야코프첸코,바딤
코스틴첸코,니키타
로마니슈킨,파블로
쿠즈네초프스키,아나톨리
페트루셴코,블라디슬라프
안드레이킨,콘스탄틴
마카로프스키,드미트로
골로바초프,글레브
이바넨코,티무르
시도로프,레온
마르켈로프,보리스
베레조프스키,아르투르
코르닐로프,예브게니
루카셴스키,세르게이
고르비초프,알렉산드르
체르니셰프스키,미하일
안토노프,드미트리
스테판첸코,유리
마르친스키,올렉산드르
베레스토프,마크심
코르사코프,바딤
루슬란첸코,니키타
고르데예프,파블로
체르노프,아나톨리
아르테멘코,블라디슬라프
스타니슬라프스키,콘스탄틴
마르티넨코,드미트로
보로트니코프,글레브
코르네예프,티무르
루카쇼프,레온
골루베프,보리스
체르카소프,아르투르
안드로포프스키,예브게니
스타로스틴,세르게이
마카로비치,알렉산드르
보그단스키,미하일
코스티코프,드미트리
루친스키,유리
골로바체프스키,올렉산드르
체르니아예프,마크심
아르카디예프,바딤
스타니슬라베츠,니키타
마르티노비치,파블로
보로닌스키,아나톨리
코로스텔레프,블라디슬라프
루덴코프,콘스탄틴
골로빈스키,드미트로
체르노모르스키,글레브
아르세니예프,티무르
스타브로폴스키,레온
마트베예프,보리스
보그다노비치,아르투르
코스티아예프,예브게니
루카초프,세르게이
고르바체프스키,알렉산드르
체르카셴코,미하일
아르히포프,드미트리
스테파니슈킨,유리
마르코비치,올렉산드르
보리소프스키,마크심
코르네이첸코,바딤
루슬라노프,니키타
고르디엔코프,파블로
체르노브스키,아나톨리
아르카디예프스키,블라디슬라프
스타니슬라보프,콘스탄틴
마르티로소프,드미트로
보고몰로프,글레브
코르잔스키,티무르
루카셴코프,레온
고르데이킨,보리스
체르누크,아르투르
아르테미예프,예브게니
스타브린스키,세르게이
마르코프스키,알렉산드르
보그단추크,미하일
코스티첸코,드미트리
루친스키,유리
골로바노프,올렉산드르
체르니아코프,마크심
아나스타시예프,바딤
스타로두보프,니키타
마르티노프스키,파블로
보리슬라프,아나톨리
코르샤코프,블라디슬라프
루덴코프스키,콘스탄틴
골로빈추크,드미트로
체르노모르첸코,글레브
아르세니예프스키,티무르
스타브린추크,레온
마트베예프스키,보리스
보그단추크,아르투르
코스티아킨,예브게니
루카초프스키,세르게이
고르바추크,알렉산드르
체르카셴코프,미하일
아르히포프스키,드미트리
스테파니예프,유리
마르코비치킨,올렉산드르
보리소프추크,마크심
코르네이첸코프,바딤
루슬라노프스키,니키타
고르디엔추크,파블로
체르노프스키,아나톨리
아르카디킨,블라디슬라프
스타니슬라프추크,콘스탄틴
마르티로소프스키,드미트로
보고몰첸코,글레브
코르잔추크,티무르
루카셴코프스키,레온
고르데이첸코,보리스
체르누힌스키,아르투르
아르테미예프스키,예브게니
스타브린추크,세르게이
마르코프첸코,알렉산드르
보그단킨,미하일
코스티아예프스키,드미트리
루친첸코,유리
골로바노프스키,올렉산드르
체르니아코프스키,마크심
아나스타시킨,바딤
스타로두보프스키,니키타
마르티노프첸코,파블로
보리슬라프킨,아나톨리
코르샤코프스키,블라디슬라프
루덴코프첸코,콘스탄틴
골로빈킨,드미트로
체르노모르스키,글레브
아르세니킨,티무르
스타브린첸코,레온
마트베예프킨,보리스
보그단추크,아르투르
코스티아예프첸코,예브게니
루카초프킨,세르게이
고르바추크,알렉산드르
체르카셴코프스키,미하일
아르히포프킨,드미트리
스테파니예프스키,유리
마르코비치첸코,올렉산드르
보리소프킨,마크심
코르네이킨,바딤
루슬라노프첸코,니키타
고르디엔킨,파블로
체르노프킨,아나톨리
아르카디예프첸코,블라디슬라프
스타니슬라프킨,콘스탄틴
마르티로소프첸코,드미트로
보고몰킨,글레브
코르잔킨,티무르
루카셴코프킨,레온
고르데이예프,보리스
체르누힌첸코,아르투르
아르테미킨,예브게니
스타브린예프,세르게이
마르코프킨,알렉산드르
보그단예프,미하일
코스티아킨첸코,드미트리
루친예프,유리
골로바노프킨,올렉산드르
체르니아킨,마크심
아나스타시예프첸코,바딤
스타로두보프킨,니키타
마르티노프예프,파블로
보리슬라프예프,아나톨리
코르샤코프킨,블라디슬라프
루덴코프예프,콘스탄틴
골로빈예프,드미트로
체르노모르킨,글레브
아르세니예프첸코,티무르
스타브린예프킨,레온
마트베예프첸코,보리스
보그단킨첸코,아르투르
코스티아예프킨,예브게니
루카초프예프,세르게이
고르바추크킨,알렉산드르
체르카셴코프킨,미하일
아르히포프예프,드미트리
스테파니킨첸코,유리
마르코비치킨첸코,올렉산드르
보리소프예프킨,마크심
코르네이예프첸코,바딤
루슬라노프킨첸코,니키타
고르디엔예프킨,파블로
체르노프예프,아나톨리
아르카디킨첸코,블라디슬라프
스타니슬라프예프킨,콘스탄틴
마르티로소프킨첸코,드미트로
보고몰예프킨,글레브
코르잔예프첸코,티무르
루카셴코프예프킨,레온
고르데이킨첸코,보리스
체르누힌예프킨,아르투르
아르테미예프킨첸코,예브게니
스타브린킨첸코,세르게이
마르코프예프킨,알렉산드르
보그단킨예프,미하일
코스티아예프예프킨,드미트리
루친킨첸코,유리
골로바노프예프킨,올렉산드르
체르니아예프킨첸코,마크심
아나스타시킨예프,바딤
스타로두보프예프킨,니키타
마르티노프킨첸코,파블로
보리슬라프킨예프,아나톨리
코르샤코프예프킨,블라디슬라프
루덴코프킨첸코,콘스탄틴
골로빈킨예프,드미트로
체르노모르예프킨첸코,글레브
아르세니킨예프,티무르
스타브린킨예프킨,레온
마트베예프킨첸코,보리스
보그단예프킨,아르투르
코스티아킨예프첸코,예브게니
루카초프킨예프,세르게이
고르바추크예프킨,알렉산드르
체르카셴코프예프킨,미하일
아르히포프킨첸코,드미트리
스테파니예프킨예프,유리
마르코비치예프킨첸코,올렉산드르
보리소프킨예프,마크심
코르네이킨예프첸코,바딤
루슬라노프예프킨,니키타
고르디엔킨예프첸코,파블로
체르노프킨예프,아나톨리
아르카디예프킨첸코,블라디슬라프
스타니슬라프킨예프,콘스탄틴
마르티로소프예프킨,드미트로
보고몰킨예프첸코,글레브
코르잔킨예프,티무르
루카셴코프킨예프첸코,레온